symbol,date,match_score,match_name,entry_price,day_high,day_low,day_close,max_gain,max_loss,final_change,is_win
SOFI,2025-12-01,77.38001573381779,MVIS,29.43,29.7,28.67,29.03,0.917431192660549,2.5823989126741353,-1.35915732246007,False
SOFI,2025-12-02,71.36577886894656,MVIS,30.19,30.42,29.315,29.514999,0.761841669426964,2.898310698906923,-2.235842994369002,False
SOFI,2025-12-03,62.164777107632666,MVIS,29.54,29.93,29.02,29.049999,1.3202437373053506,1.760324983073797,-1.6587711577521986,False
SOFI,2025-12-10,64.93737156502819,IOBT,26.975,27.68,26.479999,27.094999,2.6135310472659805,1.8350361445783208,0.44485264133456887,True
SOFI,2025-12-16,60.347084273496876,Benf,26.59,26.739999,25.729999,26.579999,0.5641180895073378,3.2343023693117727,-0.03761188416697645,False
SOFI,2025-12-18,55.83449290487548,MVIS,26.354999,26.715099,25.950199,26.295,1.3663441990644705,1.5359514906450882,-0.22765699972137238,False
SOFI,2025-12-19,69.41478768536017,IOBT,26.694999,27.364999,26.28,27.229999,2.509833396135365,1.5545945515862283,2.0041206969140557,True
ASAN,2025-12-01,65.55372681835001,CCL,13.02,13.204999,12.52,12.789999,1.4208832565284273,3.840245775729647,-1.7665207373271863,False
ASAN,2025-12-02,67.73194242465716,MVIS,13.098299,13.67,12.92,13.399999,4.364696515173452,1.361237821796562,2.3033525192851263,True
ASAN,2025-12-03,63.264148277494115,VIVK,13.899999,14.55,13.0,14.43,4.676266523472422,6.474813415454197,3.812957108845838,True
ASAN,2025-12-08,64.58761660837159,MVIS,14.35,14.96,14.17,14.619999,4.250871080139381,1.2543554006968622,1.8815261324041834,True
ASAN,2025-12-09,64.04648886864646,VIVK,14.77,15.279999,14.539999,15.104999,3.452938388625596,1.5572173324306005,2.2681042654028425,True
ASAN,2025-12-16,56.19025995007991,Benf,14.199999,14.295,13.909999,14.284999,0.6690211738747297,2.0422536649474474,0.5985915914501055,False
ASAN,2025-12-17,75.10837813324805,MVIS,14.899999,15.095,14.3,14.515,1.3087316314585076,4.026839196432152,-2.5838860794554335,False
AI,2025-12-01,75.52297948429255,MVIS,14.35,14.425,13.989999,14.095,0.5226480836237007,2.5087177700348464,-1.7770034843205507,False
AI,2025-12-02,54.791668237462005,CCL,14.5578,14.64,14.17,14.375,0.5646457569138212,2.6638640453914766,-1.2556842380029969,False
AI,2025-12-03,64.55331460430098,VIVK,14.505,15.17,14.17,15.0,4.5846259910375675,2.3095484315753247,3.412616339193376,True
AI,2025-12-04,54.32597416828943,MVIS,15.1322,15.869999,14.85,15.324999,4.875688928245733,1.864897371168763,1.2740976196455298,True
AI,2025-12-08,74.25499730253524,MVIS,15.6499,15.899999,15.119999,15.46,1.5980868887341053,3.3859705173835013,-1.2134262838740166,False
AI,2025-12-09,59.49937692440782,VIVK,15.47,16.184999,15.2088,16.045,4.621842275371691,1.6884292178409859,3.7168713639301942,True
AI,2025-12-11,64.03016679270138,CCL,15.730999,16.309999,15.609999,15.925,3.6806308359691626,0.7691819190885488,1.2332401775627861,True
AI,2025-12-17,57.363147657615485,MVIS,14.524999,14.579999,14.0,14.05,0.37865751316059637,3.6144511954871694,-3.2702170926139043,False
AI,2025-12-19,64.70198640829136,MVIS,13.965,14.439999,13.81,14.43,3.4013533834586496,1.1099176512710303,3.329752953813103,True
AI,2025-12-22,71.01216642377666,MVIS,14.824999,15.029999,14.51,14.609999,1.3827994187385786,2.1247826053816277,-1.4502530489209469,False
PATH,2025-12-01,59.755991241453806,MVIS,13.92,14.199999,13.55,14.13,2.011487068965518,2.6580459770114886,1.5086206896551786,True
PATH,2025-12-02,60.23157284639834,MVIS,14.42,14.664999,14.25,14.305,1.699022191400832,1.1789181692094308,-0.7975034674063816,False
PATH,2025-12-03,60.41161380489428,VIVK,14.42,15.0,14.17,14.88,4.0221914008321775,1.7337031900138695,3.1900138696255262,True
PATH,2025-12-04,69.5610675663534,MVIS,17.254999,18.7,15.75,18.478647,8.374390517206043,8.722104243529666,7.091556481689724,True
PATH,2025-12-05,67.91977393715776,VIVK,18.52,18.979999,18.1,18.684999,2.483795896328293,2.267818574514029,0.8909233261339183,True
PATH,2025-12-09,67.53727368625378,IOBT,19.379999,19.559999,18.834999,18.979999,0.928792617584757,2.8121776476871934,-2.0639835946328073,False
PATH,2025-12-16,82.71464600393224,IOBT,16.569999,16.6,15.939999,16.1,0.18105613645481913,3.8020521304799058,-2.8364455544022538,False
PATH,2025-12-17,63.7962609088735,IOBT,16.28,16.719999,15.84,15.96,2.7026965601965616,2.7027027027027106,-1.9656019656019672,True
OPEN,2025-12-02,63.35584638159338,MVIS,7.309999,7.449999,6.954999,6.994999,1.9151849405177712,4.856361813455794,-4.309166116165001,False
OPEN,2025-12-03,65.24656695683682,VIVK,7.059999,7.119999,6.86,6.929999,0.8498584773170592,2.832847426748928,-1.8413600341869847,False
OPEN,2025-12-04,62.976151777513685,VIVK,6.9986,7.739999,6.908199,7.57,10.593532992312754,1.291701197382333,8.164490040865324,True
OPEN,2025-12-12,50.642757934280745,VIVK,7.079999,7.224999,6.55,6.559999,2.0480228881388327,7.485862639246137,-7.344633805739233,True
OPEN,2025-12-16,52.137548765585045,VIVK,6.594999,6.784999,6.3962,6.719999,2.8809708689872493,3.0143901462304887,1.8953755717021337,True
OPEN,2025-12-22,61.23920008660599,MVIS,6.735,6.8,6.369999,6.42,0.9651076466221159,5.419465478841875,-4.677060133630295,False
OPEN,2025-12-24,61.11319181917421,MVIS,6.19,6.296,6.119999,6.269899,1.712439418416799,1.1308723747980682,1.2907754442649317,False
GRAB,2025-12-01,63.5741030144132,IOBT,5.355,5.369999,5.25,5.264999,0.28009337068159734,1.960784313725498,-1.680690943043884,False
GRAB,2025-12-08,59.52647921037812,CCL,5.224999,5.264999,5.11,5.164999,0.7655503857512705,2.2009382202752588,-1.1483255786269144,False
GRAB,2025-12-12,64.17883983910272,CCL,5.224999,5.269999,5.11,5.164999,0.8612441839701773,2.2009382202752588,-1.1483255786269144,False
GRAB,2025-12-16,52.538626995506036,VIVK,5.005,5.05,4.92,4.94,0.8991008991008976,1.6983016983016976,-1.2987012987012887,False
GRAB,2025-12-18,63.06747054033243,MVIS,4.938399,4.969999,4.889999,4.925,0.639883492605583,0.9800747165225004,-0.2713227505513549,False
GRAB,2025-12-19,50.54625800560117,Benf,4.9801,5.03,4.909999,4.934999,1.0019879118893205,1.4076223369008691,-0.9056243850525056,False
GRAB,2025-12-22,72.86671935726436,VIVK,5.241199,5.28,5.05,5.19,0.7403077044012316,3.648001153934436,-0.9768566314692411,False
LCID,2025-12-02,57.41350964087916,IOBT,12.914999,13.149999,12.609999,12.885,1.8195897653573139,2.361595227378645,-0.2322803122168272,False
LCID,2025-12-03,72.30075640966622,VIVK,13.189999,13.649999,12.67,13.574999,3.487490787527725,3.942373308747031,2.9188781591264696,True
LCID,2025-12-10,54.51018244431038,IOBT,12.5305,13.329999,12.27,12.984999,6.3804237660109395,2.078927417102274,3.627141774071268,True
LCID,2025-12-12,65.18173790775272,CCL,13.150799,13.2114,12.539999,12.569999,0.46081610706695564,4.6445847130657185,-4.4164616917953055,False
LCID,2025-12-18,69.1464478863901,MVIS,11.854999,11.978199,11.27,11.46,1.0392240437979003,4.934618720760751,-3.3319193025659346,False
LCID,2025-12-19,57.518190068163925,CCL,11.47,12.045,11.374199,11.8,5.013077593722748,0.8352310374891002,2.8770706190061035,True
LCID,2025-12-22,61.777006941648374,VIVK,12.399999,12.595,11.829999,12.289999,1.5725888364991103,4.596774564256002,-0.887096845733612,False
RIVN,2025-12-01,61.0695272996511,CCL,17.402599,17.79,16.511999,17.159999,2.226110019543636,5.117626395919364,-1.3940446481585853,True
RIVN,2025-12-02,68.24581923305679,IOBT,17.295,17.665,17.0412,17.215,2.139346631974544,1.4674761491760728,-0.46256143394045585,True
RIVN,2025-12-03,52.56841259707419,VIVK,17.209999,17.899999,16.899999,17.51,4.009297153358355,1.80127843121896,1.7431784859487889,True
RIVN,2025-12-04,62.58625994448309,CCL,17.8101,18.17,17.37,18.069999,2.0207634993627392,2.4710697862448696,1.4592787238701679,True
RIVN,2025-12-05,59.16532285242175,VIVK,18.310899,18.6,17.909999,17.94,1.5788465656437858,2.1894064294713225,-2.025564118943575,False
RIVN,2025-12-08,61.15332868714754,IOBT,17.604999,17.709999,17.04,17.62,0.5964215050509257,3.2093100374501597,0.08520875235495098,False
RIVN,2025-12-09,56.77009617435738,MVIS,17.6145,17.795,17.3701,17.719999,1.0247239490192859,1.3874932583950657,0.5989326974935525,False
RIVN,2025-12-10,76.45196950781155,VIVK,18.204999,18.409999,17.454999,17.469999,1.1260643299128898,4.119747548461826,-4.037352597492586,False
RIVN,2025-12-12,72.77892591526088,MVIS,19.174999,19.6,16.729999,18.399999,2.2164329708700468,12.750978500702923,-4.041721201654293,True
RIVN,2025-12-15,61.383569532463895,CCL,18.9326,19.579999,18.37,18.684999,3.4194933606583358,2.9715939701889846,-1.3078024148822638,True
RIVN,2025-12-16,61.24814555848416,VIVK,18.819999,18.969999,17.639999,17.902599,0.7970244844327682,6.269925944204354,-4.874601746790744,False
RIVN,2025-12-18,65.446967623178,CCL,19.065,20.329999,18.28,20.29,6.635190138998161,4.117492787831105,6.425386834513495,True
RIVN,2025-12-19,61.83117863887795,Benf,21.2593,22.639999,20.309999,22.42,6.4945647316703745,4.465344578607943,5.45972821306441,True
RIVN,2025-12-22,60.87775227997745,CCL,22.245,22.69,21.625,21.735,2.0004495392222985,2.7871431782423057,-2.2926500337154487,True
NIO,2025-12-08,70.12310504984794,MVIS,5.144999,5.23,5.019999,5.099999,1.6521091646470698,2.429543718084299,-0.8746357385103462,False
NIO,2025-12-12,76.81205419769303,CCL,5.244999,5.26,5.014999,5.019999,0.2860057742622986,4.385129530053286,-4.289800627226042,False
NIO,2025-12-17,55.45290405285329,MVIS,5.034999,5.059999,4.849999,4.864999,0.49652442830674554,3.674280769469857,-3.37636611248582,False
NIO,2025-12-18,55.38452529960987,MVIS,4.958199,5.01,4.92,4.925,1.0447543553616991,0.7704208725789274,-0.6695778043600057,False
NIO,2025-12-19,58.597139800279024,MVIS,5.004199,5.03,4.98,4.985,0.5155870100289858,0.48357389464326694,-0.38365780417604345,False
NIO,2025-12-24,60.77771361325796,MVIS,4.894999,4.929999,4.88,4.905,0.7150154678274552,0.30641477148412954,0.20431056267835654,False
XPEV,2025-12-08,55.15560517557903,IOBT,20.11,20.579999,19.836999,20.52,2.337140726006969,1.3575385380407792,2.038786673296868,True
XPEV,2025-12-10,51.935871456732286,VIVK,19.834499,19.899999,19.569999,19.665,0.3302326920382517,1.3335350693758472,-0.8545665811876663,False
XPEV,2025-12-16,53.86253723624852,Benf,18.61,18.694999,18.325,18.475,0.45673831273508775,1.5314347125201513,-0.7254164427726922,False
XPEV,2025-12-17,64.00874621949558,CCL,18.549999,18.725,17.92,18.094999,0.943401668107916,3.3962212073434506,-2.4528303209072857,False
XPEV,2025-12-19,68.72507214231318,CCL,19.844999,20.1,19.61,19.864999,1.284963531618218,1.1841723952719874,0.10078105824041397,False
XPEV,2025-12-24,55.3942540950834,MVIS,19.61,19.735,19.5,19.54,0.6374298827129016,0.5609382967873505,-0.35696073431922637,False
LI,2025-12-08,55.683469397347444,VIVK,17.844999,18.034999,17.719999,17.944999,1.0647240719934907,0.7004763631536207,0.5603810905228847,False
LI,2025-12-11,55.01161947034626,MVIS,16.93,17.04,16.77,17.01,0.6497341996455962,0.9450679267572365,0.47253396337862874,False
LI,2025-12-12,65.09428364860783,MVIS,17.43,17.45,17.04,17.079999,0.11474469305794363,2.2375215146299516,-2.008037865748703,False
LI,2025-12-19,63.80717617375765,MVIS,16.86,17.17,16.694999,16.989999,1.8386714116251617,0.9786536180308434,0.771049822064066,False
LI,2025-12-22,55.271826960316275,CCL,17.049999,17.11,16.92,16.969999,0.35191204410041166,0.7624575227247695,-0.46920823866322986,False
LI,2025-12-24,68.77272532614474,MVIS,16.715,16.79,16.68,16.78,0.44869877355668136,0.20939276099312082,0.38887227041580186,False
WKHS,2025-12-01,55.87412384710016,CCL,0.8802,0.889999,0.822799,0.8287,1.113269711429221,6.521358782094983,-5.850942967507384,False
WKHS,2025-12-03,71.8208810499377,CCL,0.837599,0.899999,0.81,0.8988,7.449865627824294,3.295013484973111,7.306718370007613,True
WKHS,2025-12-10,57.6086691808276,IOBT,6.945,7.13,6.386199,6.534999,2.6637868970482304,8.046090712742979,-5.903542116630674,True
WKHS,2025-12-12,62.45076116108752,MVIS,6.699999,6.769999,6.100699,6.469999,1.044776275339747,8.944777454444402,-3.4328363332591607,False
WKHS,2025-12-16,53.41182906475836,CCL,5.9299,5.938399,5.402299,5.7101,0.14332450800182936,8.89730012310494,-3.7066392350629895,False
WKHS,2025-12-18,50.55879239345026,CCL,5.490399,5.719999,5.23,5.23,4.181845436005646,4.742806488198756,-4.742806488198756,True
WKHS,2025-12-22,56.04833548376054,MVIS,5.599999,6.0,5.4,5.599999,7.142876275513613,3.571411352037742,0.0,True
FCEL,2025-12-02,61.07692053977279,IOBT,6.63,7.019999,6.364999,6.92,5.882337858220218,3.996998491704371,4.374057315233786,True
FCEL,2025-12-05,64.58697602892435,CCL,8.343999,8.819999,7.969999,8.369999,5.704698670265889,4.4822632409232135,0.3116011878716644,True
FCEL,2025-12-11,61.657055638702936,CCL,8.335,8.81,8.279999,8.75,5.698860227954404,0.6598800239952098,4.9790041991601575,True
FCEL,2025-12-12,53.64419915686128,VIVK,8.88,8.93,8.5,8.76,0.563063063063051,4.2792792792792875,-1.3513513513513624,False
FCEL,2025-12-16,58.32663751746255,VIVK,8.574999,8.895,8.189999,8.46,3.7317905226577817,4.489796441958767,-1.3410963663086046,True
FCEL,2025-12-17,70.47102596226294,CCL,8.659999,8.75,7.735,7.86,1.039272637329414,10.681282988600795,-9.237864808067517,False
FCEL,2025-12-22,64.51958858692375,CCL,8.55,9.085,8.229999,8.75,6.257309941520468,3.7427017543859797,2.339181286549699,True
FCEL,2025-12-23,52.381493003318944,MVIS,8.935799,9.25,8.609999,8.779999,3.5162048743486802,3.6460085997905645,-1.7435486183160487,True
CHPT,2025-12-02,55.37408367430991,CCL,7.724999,8.0,7.635,7.885,3.559883955972028,1.1650357495191987,2.071210624104927,True
CHPT,2025-12-05,78.57472402330899,Benf,10.47,11.01,8.92,10.409999,5.1575931232091605,14.804202483285584,-0.5730754536771874,True
CHPT,2025-12-09,57.12469707347852,MVIS,9.440199,9.8,9.2901,9.46,3.8113709255493546,1.5899982616891775,0.2097519342547871,True
CHPT,2025-12-12,66.85742218533086,VIVK,9.159999,9.2742,8.614999,8.659999,1.2467359439668206,5.949782308928199,-5.458515879750642,False
CHPT,2025-12-18,65.51937128451674,CCL,7.63,7.7388,7.219999,7.324999,1.4259501965924044,5.373538663171694,-3.997391874180863,False
CHPT,2025-12-22,72.1543030080844,MVIS,7.44,7.53,7.269999,7.289999,1.2096774193548367,2.2849596774193555,-2.016142473118286,False
RUN,2025-12-16,63.01170464385964,VIVK,17.69,17.9055,17.049999,17.545,1.2182023742227173,3.6178688524590252,-0.8196721311475386,False
RUN,2025-12-18,66.83083047727023,CCL,18.1933,18.87,17.684999,18.12,3.719501135033228,2.7938911577338876,-0.40289557144662974,True
RUN,2025-12-19,79.91233692023779,CCL,18.313899,18.659999,18.059999,18.25,1.8898214956847796,1.3863787279813984,-0.348909863486739,False
STEM,2025-12-02,57.22813476642258,IOBT,17.12,17.28,16.719999,17.219999,0.9345794392523372,2.3364544392523343,0.5841063084112171,False
STEM,2025-12-04,66.46417349514795,VIVK,17.51,18.805,16.95,18.61,7.395773843517979,3.198172472872657,6.282124500285538,True
STEM,2025-12-08,73.90990383617928,MVIS,18.909999,19.0,17.989999,18.079999,0.4759439701715526,4.865150971187244,-4.389212289223274,False
STEM,2025-12-09,63.79769281825573,VIVK,18.26,19.34,17.9985,18.329999,5.914567360350484,1.4320920043811698,0.3833461117196016,True
STEM,2025-12-11,53.80234464261664,Benf,19.3262,21.959999,18.3887,21.85,13.6281265846364,4.850927756103114,13.058956235576582,True
STEM,2025-12-16,59.23536440630778,CCL,18.1,18.43,16.68,17.489999,1.823204419889493,7.845303867403324,-3.370171270718234,False
STEM,2025-12-23,72.40068629404774,VIVK,16.45,17.0825,16.11,16.514999,3.844984802431613,2.0668693009118533,0.3951306990881474,True
GME,2025-12-01,60.49839358661043,VIVK,22.53,23.065,22.11,22.78,2.374611628939193,1.8641810918775041,1.1096316023080337,True
GME,2025-12-03,52.71997783136326,CCL,23.014999,23.28,22.715,23.219999,1.1514273800316115,1.3034934305232848,0.8907234799358534,False
GME,2025-12-04,62.83345135560737,CCL,23.329999,23.469999,22.645,22.965,0.6000857522539995,2.936129572915975,-1.564504996335409,False
GME,2025-12-08,63.537933993530345,MVIS,23.229999,23.549999,23.02,23.364999,1.3775291165531274,0.903999177959499,0.5811450960458567,False
GME,2025-12-09,53.76695289968353,VIVK,23.35,24.0,23.1,23.17,2.7837259100642333,1.070663811563169,-0.7708779443254805,True
GME,2025-12-10,53.988207329292244,CCL,21.764999,22.469999,21.5,22.11,3.239145565777429,1.2175465755821977,1.5851183820408166,True
GME,2025-12-17,60.929459485810554,CCL,22.486,23.17,22.27,23.02,3.041892733256253,0.9605977052388199,2.3748109935070665,True
GME,2025-12-18,54.98481188205451,MVIS,22.989999,23.099199,22.530099,22.559999,0.4749891463675041,2.0004350587401114,-1.8703785067585244,False
GME,2025-12-24,51.25671268881621,VIVK,21.375,21.569999,21.229999,21.51,0.9122760233918094,0.6783672514619911,0.6315789473684283,False
SNAP,2025-12-01,59.320700584252826,IOBT,7.614999,7.699999,7.489999,7.644999,1.116218137389118,1.641497260866351,0.3939593426079274,False
SNAP,2025-12-05,68.85980593228307,MVIS,7.82,8.0,7.699999,7.905,2.3017902813299194,1.5345396419437372,1.08695652173913,True
SNAP,2025-12-17,73.70006133016487,CCL,7.585,7.75,7.28,7.51,2.1753460777851026,4.021094264996701,-0.9887936717205034,True
SNAP,2025-12-18,52.897331564413946,MVIS,7.664999,7.809999,7.53,7.635,1.8917158371449294,1.761239629646392,-0.39137643723110865,False
SNAP,2025-12-22,58.84076603242056,MVIS,7.664999,7.954999,7.599999,7.945,3.7834316742898473,0.8480105476856489,3.6529815594235613,True
PINS,2025-12-01,68.8339787651235,CCL,26.559999,27.204999,25.799999,26.844999,2.4284639468548157,2.861445890867697,1.0730422090753848,True
PINS,2025-12-02,59.51701823872346,IOBT,27.045,27.145,26.629999,26.885,0.36975411351450493,1.534483268626364,-0.591606581623221,False
PINS,2025-12-03,64.94331626122631,VIVK,27.254999,27.584999,26.79,27.405,1.2107870559819074,1.706105364377384,0.550361421770735,False
PINS,2025-12-05,54.99435818340492,IOBT,27.069999,27.364999,26.479999,26.745,1.089767310298023,2.179534620596033,-1.2005874104391296,False
PINS,2025-12-10,60.332712530444525,VIVK,27.43,27.959999,26.959999,27.795,1.9321873860736423,1.713456069996354,1.330659861465556,False
PINS,2025-12-11,67.34932112913343,CCL,27.62,27.86,26.844999,26.875,0.86893555394641,2.805941346850107,-2.6973207820420018,False
PINS,2025-12-16,69.2250584024189,MVIS,25.889999,25.969999,25.52,25.774999,0.3089996256855856,1.429119406300479,-0.444186961923013,False
PINS,2025-12-17,66.24756180415238,CCL,26.25,26.395,25.67,25.889999,0.5523809523809508,2.209523809523803,-1.3714323809523827,False
PINS,2025-12-18,67.39642206949583,MVIS,26.245,26.745,26.0,26.229999,1.9051247856734614,0.93351114498,-0.05715755381978128,False
PINS,2025-12-22,54.05015680911618,IOBT,26.465,26.629999,26.12,26.37,0.6234611751369797,1.3036085395805739,-0.35896467031928536,False
BMBL,2025-12-01,66.10904169533008,IOBT,3.522399,3.75,3.42,3.68,6.46153374447358,2.907081225040097,4.474251781243411,True
BMBL,2025-12-03,58.92126278563891,VIVK,3.734999,3.799999,3.65,3.755,1.7402949773212777,2.2757435811897206,0.5355021514061908,False
BMBL,2025-12-05,60.39334118873891,VIVK,3.704999,3.775,3.595,3.615,1.8893662319477005,2.968934674476288,-2.4291234626513996,False
BMBL,2025-12-10,62.3191587405561,MVIS,3.805,3.9,3.75,3.865,2.496714848883042,1.4454664914586113,1.5768725361366636,True
BMBL,2025-12-17,62.6545561042773,MVIS,3.5603,3.615,3.43,3.434999,1.5363873830857067,3.6598039491054024,-3.519394433053391,False
BMBL,2025-12-22,75.67735191149485,IOBT,3.74,3.779999,3.45,3.549999,1.0694919786096229,7.754010695187167,-5.080240641711232,False
WBD,2025-12-01,56.06689331714159,IOBT,24.034999,24.12,23.639999,23.85,0.35365510104661074,1.6434367232551146,-0.7697067097859988,False
WBD,2025-12-04,71.06356339438086,IOBT,24.235,24.559999,24.045,24.559999,1.3410315659170697,0.7839900969671869,1.3410315659170697,False
WBD,2025-12-08,67.46926118246994,CCL,27.814199,28.165,26.8432,27.229,1.2612299207322153,3.4910191014308882,-2.1039577663192794,False
WBD,2025-12-10,60.37421192666533,VIVK,29.264999,29.809999,28.854999,29.52,1.8622929049134829,1.4009909926872033,0.8713514734786085,False
WBD,2025-12-11,55.576946942349224,CCL,29.485,29.719999,29.35,29.489999,0.797012040020356,0.4578599287773376,0.016954383584878854,False
WBD,2025-12-17,67.35882450102835,CCL,28.75,28.85,28.19,28.235,0.34782608695652667,1.9478260869565174,-1.7913043478260888,False
WBD,2025-12-19,62.47796941339114,MVIS,28.295,28.5,27.579999,27.819999,0.724509630676792,2.5269517582611796,-1.6787453613712755,False
WBD,2025-12-23,70.20404586011516,MVIS,28.87,29.27,28.79,29.159999,1.3855213023900192,0.27710426047801123,1.004499480429505,False
WBD,2025-12-24,52.4385891647955,CCL,29.1373,29.329999,29.0,29.229999,0.6613481688420034,0.4712173056528908,0.31814546989597403,False
PTON,2025-12-01,69.74421135563057,CCL,6.824999,6.835,6.5774,6.659999,0.14653482000510076,3.627824707373585,-2.417582771807,False
PTON,2025-12-03,61.54465980341909,VIVK,6.5299,6.699999,6.369999,6.67,2.6049250371368697,2.448751129420047,2.145515245256441,True
PTON,2025-12-09,58.71144438469609,VIVK,6.545,6.849999,6.364999,6.789999,4.660030557677624,2.750206264323909,3.7433002291825814,True
PTON,2025-12-17,62.61180140321636,CCL,6.255,6.32,6.11,6.135499,1.039168665067952,2.318145483613103,-1.9104876099120645,False
PTON,2025-12-18,56.06920864865541,MVIS,6.269999,6.32,6.1837,6.255,0.7974642420198146,1.3763798048452693,-0.23921853895033202,False
PTON,2025-12-19,69.35266895984734,MVIS,6.28,6.309999,6.19,6.19,0.4776910828025495,1.433121019108278,-1.433121019108278,False
PTON,2025-12-22,60.65758708026396,MVIS,6.315599,6.355,6.139999,6.17,0.6238679814852192,2.780417186081626,-2.3053870266304086,False
PTON,2025-12-23,50.379598365717584,MVIS,6.125,6.23,6.09,6.119999,1.7142857142857213,0.5714285714285737,-0.08164897959183727,False
MARA,2025-12-01,57.06013461010745,VIVK,11.239999,11.645,10.619999,11.505,3.603212064342714,5.516014725624079,2.357660352105028,True
MARA,2025-12-02,62.86973955886176,MVIS,11.990099,12.42,11.699999,11.895,3.585466642101948,2.419496286060696,-0.7931460782767611,True
MARA,2025-12-12,68.50343556269458,VIVK,12.114999,12.2586,11.359999,11.545,1.1853158221474085,6.231944385633041,-4.704903401147613,False
MARA,2025-12-16,59.00508290946495,CCL,10.8599,11.05,10.5,10.68,1.750476523724906,3.314026832659598,-1.6565530069337653,False
MARA,2025-12-17,65.53496186059449,CCL,10.824999,10.949999,9.92,9.944999,1.154734517758385,8.360268670694566,-8.129331005019038,False
MARA,2025-12-19,68.49537160475755,CCL,9.935,10.22,9.89,10.17,2.868646200301964,0.45294413688978286,2.365374937091086,True
MARA,2025-12-22,53.98885554726481,Benf,10.5,10.689999,9.994999,10.119999,1.8095142857142883,4.809533333333333,-3.619057142857143,False
RIOT,2025-12-01,68.19937968463358,CCL,15.699999,15.808799,14.888999,15.479999,0.6929936747129758,5.165605424560855,-1.401273974603442,False
RIOT,2025-12-02,60.301835952413455,MVIS,15.909999,16.25,15.199999,15.199999,2.137027161346779,4.462602417511146,-4.462602417511146,True
RIOT,2025-12-12,62.54524181871213,VIVK,16.139999,16.27,15.029999,15.305,0.8054585381324996,6.877323846178673,-5.173476156968782,False
RIOT,2025-12-17,72.96359036577213,CCL,13.84,13.9874,12.835,12.949999,1.065028901734099,7.261560693641611,-6.4306430635838145,False
RIOT,2025-12-19,67.90841638456656,CCL,13.854399,14.55,13.689999,14.534999,5.020795200138236,1.186626716900535,4.912519121183086,True
CLSK,2025-12-01,70.68605076624841,VIVK,14.859999,15.039999,13.939999,14.06,1.2113055996840896,6.191117509496467,-5.383573713564851,False
CLSK,2025-12-02,56.64012604718531,MVIS,14.7142,14.989999,13.68,13.699999,1.8743730546003128,7.028584632531841,-6.89266830680567,False
CLSK,2025-12-09,53.005311473279335,VIVK,13.93,15.409999,13.56,14.835,10.624544149318014,2.6561378320172238,6.496769562096204,True
CLSK,2025-12-12,73.78127999528033,VIVK,15.305,15.484999,13.989999,14.039999,1.176079712512254,8.591969944462598,-8.2652793204835,False
CLSK,2025-12-16,61.246553215656725,CCL,11.994999,12.314999,11.529999,11.854999,2.6677784633412664,3.8766155795427735,-1.1671530777118078,True
CLSK,2025-12-17,71.72815613356767,CCL,12.31,12.67,11.449999,11.479999,2.9244516653127492,6.986198212835097,-6.742493907392373,True
CLSK,2025-12-19,68.10655605397048,CCL,11.6379,12.119999,11.5,12.06,4.142491342939876,1.1849216783096619,3.6269430051813503,True
CLSK,2025-12-22,61.25322994085576,MVIS,12.8041,13.06,12.02,12.109999,1.9985785802985019,6.123819713997864,-5.420927671605188,False
CIFR,2025-12-01,63.18169365559448,VIVK,20.209999,20.36,19.0,19.7,0.7422118130733188,5.987130429843168,-2.523498393047919,False
CIFR,2025-12-04,72.85339310709499,CCL,18.544799,20.079999,18.02,19.825,8.278331838484739,2.8298985607770755,6.90328862556018,True
CIFR,2025-12-12,77.57818212998176,CCL,19.047,19.239999,16.989999,17.034999,1.0132776815246514,10.799606237202706,-10.56334855882817,False
CIFR,2025-12-16,58.907854905946074,CCL,14.609999,15.159999,13.67,14.975,3.7645450899757003,6.433942945512866,2.4982958588840387,True
CIFR,2025-12-19,70.44577408692946,CCL,15.675,16.5,15.42,16.239999,5.263157894736838,1.6267942583732105,3.6044593301435417,True
CIFR,2025-12-22,69.36771067454153,VIVK,16.959999,17.239999,16.264999,16.34,1.650943493569788,4.097877600110709,-3.6556546966777534,False
CIFR,2025-12-23,66.32380722066192,VIVK,16.329999,16.799999,15.659999,15.92,2.8781385718394645,4.102878389643513,-2.5107105027991787,True
MRNA,2025-12-03,58.06313762476966,VIVK,24.459999,25.2,23.93,25.17,3.025351718125579,2.1667989438593196,2.9027024898897253,True
MRNA,2025-12-05,61.192848547867406,VIVK,26.03,27.75,25.389999,27.715,6.607760276603914,2.458705339992323,6.4733000384172055,True
MRNA,2025-12-11,59.239158898793825,CCL,29.27,29.68,28.889999,29.625,1.4007516228220025,1.2982610181072771,1.2128459173214912,False
MRNA,2025-12-12,57.803739127595655,Benf,30.239999,30.434999,29.399999,29.469999,0.6448412911653876,2.7777778696355107,-2.5462963804992174,False
MRNA,2025-12-17,73.74066662233633,CCL,31.409999,31.6991,29.92,30.53,0.9204107265333,4.743709160894903,-2.801652429215289,False
MRNA,2025-12-18,62.49539854456233,CCL,31.475,32.209999,30.610099,30.959999,2.3351834789515546,2.7478983320095303,-1.6362223987291553,True
MRNA,2025-12-19,79.46391681744065,IOBT,32.060001,34.25,31.1874,33.7,6.83093865156149,2.7217747123588656,5.115405330149563,True
MRNA,2025-12-22,67.2515181231024,CCL,34.939998,35.900001,33.580001,34.919998,2.7475760015784787,3.8923785857114237,-0.05724098782147361,True
NVAX,2025-12-01,54.901160745353586,MVIS,6.899899,6.92,6.679999,6.695,0.291323104874439,3.1870031720754173,-2.9695941926106353,False
NVAX,2025-12-03,63.61384955091842,VIVK,6.679999,6.849999,6.59,6.84,2.544910560615366,1.3472906208518853,2.3952249094648113,True
NVAX,2025-12-10,71.52082359539888,IOBT,6.649099,6.784999,6.57,6.735,2.043885946050741,1.189619826686283,1.2919194014106374,True
NVAX,2025-12-11,58.5708629250857,CCL,6.744999,6.84,6.644999,6.699999,1.4084657388385067,1.482579908462546,-0.667160958808147,False
NVAX,2025-12-12,74.01182594532673,MVIS,6.696,6.71,6.430099,6.57,0.20908004778972872,3.9710424133811157,-1.8817204301075185,False
NVAX,2025-12-17,60.56782647531503,CCL,6.695,6.76,6.5,6.534999,0.9708737864077595,2.912621359223305,-2.3898581030619908,False
NVAX,2025-12-18,51.307389748952765,VIVK,6.625,6.719999,6.5542,6.679999,1.4339471698113149,1.0686792452830218,0.830173584905654,False
NVAX,2025-12-19,54.50183359339243,MVIS,6.7656,6.864999,6.65,6.67,1.4691823341610502,1.7086437270899801,-1.4130306255173248,False
NVAX,2025-12-22,67.71967998318722,VIVK,6.88,6.98,6.679999,6.889999,1.453488372093031,2.9069912790697723,0.14533430232558917,False
NVAX,2025-12-24,55.7807958063863,CCL,6.855,7.0,6.78,6.94,2.1152443471918243,1.094091903719915,1.2399708242159002,True
AGEN,2025-12-03,58.108925061701534,VIVK,4.179999,4.255,4.13,4.179999,1.794282725904966,1.1961486115187991,0.0,False
AGEN,2025-12-08,56.79719429614511,MVIS,4.019999,4.125,3.97,4.045,2.6119658238720875,1.243756528297647,0.62191557759093,True
AGEN,2025-12-10,60.29848226244004,VIVK,3.9544,4.099999,3.819999,4.09,3.681949221120783,3.398770989277766,3.4290916447501445,True
AGEN,2025-12-17,60.93640429688673,MVIS,3.74,3.7857,3.579999,3.595,1.2219251336898296,4.278101604278082,-3.8770053475935833,False
AGEN,2025-12-19,54.45478452744776,CCL,3.519999,4.0,3.009999,3.43,13.636395919430663,14.488640479727403,-2.556790499088202,True
AGEN,2025-12-22,60.89274127174904,CCL,3.44,3.559999,3.384799,3.525,3.4883430232558132,1.6046802325581346,2.470930232558138,True
AGEN,2025-12-24,70.59288249212231,VIVK,3.359999,3.41,3.269999,3.349999,1.488125442894476,2.6785722257655524,-0.29761913619617836,False
TLRY,2025-12-01,50.81934478886035,IOBT,0.807699,0.8125,0.770799,0.7832,0.5944045987428555,4.568533575007513,-3.0331843917102708,False
TLRY,2025-12-09,72.12355092472966,IOBT,7.219999,8.18,7.099999,8.09,13.296414583990943,1.662050091696678,12.049877015218428,True
TLRY,2025-12-11,67.01798086592225,CCL,8.239999,8.59,8.079999,8.449999,4.247585466939992,1.9417478084645203,2.5485439986097194,True
TLRY,2025-12-16,66.30935930178752,VIVK,12.2003,14.5465,10.5,13.92,19.230674655541254,13.936542544035804,14.095555027335388,True
TLRY,2025-12-18,50.110448054713096,Benf,14.42,15.694399,12.09,12.31,8.837718446601947,16.158113730929266,-14.632454923717056,True
TLRY,2025-12-23,66.82534434876418,IOBT,10.2101,10.949999,9.819999,10.579999,7.246736075062922,3.8207363297127483,3.622873429251429,True
ACB,2025-12-01,50.27134801152065,VIVK,4.599999,4.625,4.51,4.545,0.543500118152191,1.9565004253261926,-1.1956306947023347,False
ACB,2025-12-02,68.72806870172515,MVIS,4.599999,4.715,4.48,4.485,2.5000222826135277,2.6086744801466253,-2.4999788043432196,True
ACB,2025-12-03,64.68728545644734,MVIS,4.514999,4.635,4.4699,4.539899,2.6578300460310036,0.9988706531275076,0.5514951387586066,True
ACB,2025-12-04,57.31742917357111,CCL,4.559999,4.659999,4.519999,4.579999,2.1929829370576535,0.8771931748230652,0.4385965874115229,True
ACB,2025-12-05,58.91181739784442,CCL,4.59,4.679999,4.57,4.618,1.9607625272331095,0.43572984749454413,0.6100217864923849,False
ACB,2025-12-09,66.46498025790238,IOBT,4.505,4.6872,4.4324,4.469999,4.044395116537179,1.611542730299657,-0.7769367369589408,True
ACB,2025-12-16,78.20846017587883,VIVK,5.269999,5.659999,4.929999,5.53,7.400380910888211,6.451614127441024,4.933606249261146,True
ACB,2025-12-17,55.981398219117665,VIVK,5.794,5.98,5.489999,5.577,3.210217466344509,5.246824301001028,-3.7452537107352373,True
ACB,2025-12-18,66.20858257830143,VIVK,6.079999,6.36,5.369999,5.375,4.605280362710593,11.677633499610772,-11.595380196608584,True
BB,2025-12-02,70.45769911072837,MVIS,4.0889,4.099999,4.0,4.065,0.27144219716795803,2.174178874513922,-0.5845092812247638,False
BB,2025-12-03,63.937434135646676,MVIS,4.045,4.179999,4.019999,4.175,3.337428924598261,0.6180716934486924,3.2138442521631614,True
BB,2025-12-05,62.15201107296292,IOBT,4.3,4.36,4.23,4.309999,1.395348837209314,1.627906976744172,0.2325348837209427,False
BB,2025-12-09,58.90403126625882,IOBT,4.394999,4.44,4.36,4.414999,1.0239137710839084,0.7963369274941814,0.4550626746445124,False
BB,2025-12-15,71.12552845927094,CCL,4.42,4.449999,4.25,4.255,0.6787104072398215,3.8461538461538445,-3.7330316742081453,False
BB,2025-12-16,57.787012810377114,CCL,4.344999,4.4397,4.23,4.385,2.1795402024258372,2.6466979624160833,0.9206216157932413,True
BB,2025-12-17,53.23747413930033,MVIS,4.414999,4.44,4.199999,4.275,0.566274193946601,4.869763277409573,-3.170985995693307,False
BB,2025-12-18,61.61825823015218,VIVK,4.355,4.429999,4.28,4.36,1.7221354764638148,1.722158438576353,0.11481056257175414,False
BB,2025-12-22,58.36724338422806,VIVK,3.855,3.99,3.759999,3.944999,3.501945525291835,2.4643579766536936,2.334604409857332,True
BB,2025-12-23,59.046824880219226,MVIS,4.054999,4.11,3.91,4.005,1.3563751803638116,3.5758085267098574,-1.233021265849873,False
BB,2025-12-24,51.050670994334865,MVIS,3.964999,3.994999,3.934999,3.99,0.7566206195764438,0.756620619576455,0.6305424036676945,False
NOK,2025-12-02,67.81218350228063,CCL,6.199999,6.224999,6.15,6.195,0.40322587148804956,0.806435613941223,-0.08062904526274527,False
NOK,2025-12-03,56.81397177038369,MVIS,6.184999,6.275,6.15,6.255,1.455149790646692,0.5658691294857121,1.1317867634254999,False
NOK,2025-12-05,51.32416474143901,VIVK,6.149799,6.169899,6.045,6.07,0.32683995037886976,1.7041044756096886,-1.2975871243921875,False
NOK,2025-12-08,51.44680301023758,CCL,6.144999,6.175,6.099999,6.159999,0.4882181429158816,0.7323028042803575,0.24410093476011438,False
NOK,2025-12-19,59.60007788226349,CCL,6.408999,6.539999,6.374,6.5,2.0440009430489887,0.5460915191280262,1.4198941207511553,True
NOK,2025-12-22,59.49029018282141,IOBT,6.514999,6.57,6.464399,6.545,0.8442211579771517,0.7766693440781833,0.46049124489504145,False
NOK,2025-12-23,57.59882563125768,MVIS,6.521999,6.556,6.5,6.53,0.52132789348787,0.33730455953765254,0.12267711172602366,False
NOK,2025-12-24,58.609604824011626,CCL,6.565,6.61,6.51,6.5763,0.6854531607006843,0.8377760853008469,0.1721249047981633,False
LYFT,2025-12-01,66.643373798991,CCL,21.069999,21.825,20.68,21.45,3.5832986987801947,1.8509682890824986,1.8035169341963426,True
LYFT,2025-12-02,57.00028589831155,MVIS,21.944999,22.61,21.549999,22.245,3.03030772523617,1.7999545135545443,1.367058617774381,True
LYFT,2025-12-03,55.43643974549405,MVIS,22.54,22.879999,22.209999,22.35,1.5084250221827968,1.4640683229813636,-0.8429458740017646,False
LYFT,2025-12-05,76.94405785177723,MVIS,22.754999,23.329999,22.4402,22.989999,2.5269172721123794,1.3834278788586223,1.032740102515493,True
LYFT,2025-12-08,65.88641407714019,CCL,23.17,23.245,22.469999,22.489999,0.3236944324557587,3.0211523521795436,-2.9348338368580094,False
LYFT,2025-12-18,57.2548771234512,MVIS,19.815,20.11,19.549999,19.86,1.4887711329800561,1.3373757254605176,0.2271006813020346,False
LYFT,2025-12-22,62.191042448369785,CCL,20.454999,20.514999,19.680299,19.95,0.2933268292997654,3.787338244308881,-2.4688292578259308,False
