symbol,datetime,date,time,open,high,low,close,volume
CRCA,2025-12-22 09:30:00,2025-12-22,09:30:00,4.98,5.315,4.94,5.23,1848754
CRCA,2025-12-22 09:35:00,2025-12-22,09:35:00,5.239999,5.364999,5.1901,5.215,589340
CRCA,2025-12-22 09:40:00,2025-12-22,09:40:00,5.219999,5.219999,5.09,5.11,557683
CRCA,2025-12-22 09:45:00,2025-12-22,09:45:00,5.11,5.28,5.11,5.215,491081
CRCA,2025-12-22 09:50:00,2025-12-22,09:50:00,5.21,5.219999,5.105,5.1599,258702
CRCA,2025-12-22 09:55:00,2025-12-22,09:55:00,5.155,5.199999,5.074999,5.079999,259206
CRCA,2025-12-22 10:00:00,2025-12-22,10:00:00,5.079999,5.1399,5.07,5.129,172119
NVTS,2025-12-22 09:30:00,2025-12-22,09:30:00,8.06,8.119999,7.909999,7.969999,1073190
NVTS,2025-12-22 09:35:00,2025-12-22,09:35:00,7.979899,8.05,7.96,7.9794,332500
NVTS,2025-12-22 09:40:00,2025-12-22,09:40:00,7.974999,8.045,7.929999,8.027999,331836
NVTS,2025-12-22 09:45:00,2025-12-22,09:45:00,8.029999,8.05,7.968999,8.000699,139980
NVTS,2025-12-22 09:50:00,2025-12-22,09:50:00,8.0,8.06,7.989999,8.045599,159662
NVTS,2025-12-22 09:55:00,2025-12-22,09:55:00,8.039999,8.129899,8.029999,8.091699,185697
NVTS,2025-12-22 10:00:00,2025-12-22,10:00:00,8.085,8.13,8.06,8.0655,173496
ALIT,2025-12-22 09:30:00,2025-12-22,09:30:00,1.96,1.978999,1.96,1.975,144845
ALIT,2025-12-22 09:35:00,2025-12-22,09:35:00,1.9742,1.975,1.950799,1.955,57054
ALIT,2025-12-22 09:40:00,2025-12-22,09:40:00,1.955,1.9599,1.945,1.945,58972
ALIT,2025-12-22 09:45:00,2025-12-22,09:45:00,1.945,1.945,1.929999,1.929999,37249
ALIT,2025-12-22 09:50:00,2025-12-22,09:50:00,1.9311,1.938699,1.929999,1.929999,45698
ALIT,2025-12-22 09:55:00,2025-12-22,09:55:00,1.929999,1.94,1.929999,1.934999,46993
ALIT,2025-12-22 10:00:00,2025-12-22,10:00:00,1.929999,1.95,1.929999,1.95,90506
RZLT,2025-12-22 09:30:00,2025-12-22,09:30:00,1.825,1.894999,1.809999,1.879999,498294
RZLT,2025-12-22 09:35:00,2025-12-22,09:35:00,1.878,1.94,1.871199,1.929999,180621
RZLT,2025-12-22 09:40:00,2025-12-22,09:40:00,1.929999,1.99,1.919999,1.97,168408
RZLT,2025-12-22 09:45:00,2025-12-22,09:45:00,1.9699,2.079999,1.9699,2.035,270245
RZLT,2025-12-22 09:50:00,2025-12-22,09:50:00,2.0394,2.0699,1.99,2.039999,792454
RZLT,2025-12-22 09:55:00,2025-12-22,09:55:00,2.039999,2.059999,1.97,1.995,303913
RZLT,2025-12-22 10:00:00,2025-12-22,10:00:00,1.992499,2.025,1.99,2.015,719264
LAC,2025-12-22 09:30:00,2025-12-22,09:30:00,4.86,5.07,4.82,5.0699,1333743
LAC,2025-12-22 09:35:00,2025-12-22,09:35:00,5.0615,5.099999,4.98,5.025,530964
LAC,2025-12-22 09:40:00,2025-12-22,09:40:00,5.03,5.05,4.994999,5.019999,281915
LAC,2025-12-22 09:45:00,2025-12-22,09:45:00,5.0244,5.049399,4.934999,4.940599,243245
LAC,2025-12-22 09:50:00,2025-12-22,09:50:00,4.945,4.96,4.914999,4.929999,192326
LAC,2025-12-22 09:55:00,2025-12-22,09:55:00,4.9299,4.969999,4.921,4.934999,234153
LAC,2025-12-22 10:00:00,2025-12-22,10:00:00,4.94,4.994999,4.934999,4.949999,419650
UAMY,2025-12-22 09:30:00,2025-12-22,09:30:00,5.139999,5.289999,5.019999,5.275,983541
UAMY,2025-12-22 09:35:00,2025-12-22,09:35:00,5.272999,5.289999,5.19,5.25,176476
UAMY,2025-12-22 09:40:00,2025-12-22,09:40:00,5.239999,5.389999,5.213399,5.36,258448
UAMY,2025-12-22 09:45:00,2025-12-22,09:45:00,5.3699,5.559999,5.36,5.493599,514761
UAMY,2025-12-22 09:50:00,2025-12-22,09:50:00,5.5,5.679999,5.494999,5.643199,460754
UAMY,2025-12-22 09:55:00,2025-12-22,09:55:00,5.65,5.67,5.579999,5.635,454817
UAMY,2025-12-22 10:00:00,2025-12-22,10:00:00,5.639999,5.719999,5.55,5.559999,402459
IXHL,2025-12-22 09:30:00,2025-12-22,09:30:00,0.446099,0.455399,0.4449,0.4541,857666
IXHL,2025-12-22 09:35:00,2025-12-22,09:35:00,0.46,0.463899,0.458499,0.463899,690522
IXHL,2025-12-22 09:40:00,2025-12-22,09:40:00,0.458799,0.4595,0.456099,0.4586,242284
IXHL,2025-12-22 09:45:00,2025-12-22,09:45:00,0.457899,0.4586,0.4508,0.4578,134421
IXHL,2025-12-22 09:50:00,2025-12-22,09:50:00,0.455599,0.458499,0.453799,0.454499,67343
IXHL,2025-12-22 09:55:00,2025-12-22,09:55:00,0.4555,0.4566,0.453399,0.454299,70769
IXHL,2025-12-22 10:00:00,2025-12-22,10:00:00,0.4544,0.4546,0.453,0.453799,65259
HIVE,2025-12-22 09:30:00,2025-12-22,09:30:00,2.96,2.99,2.884999,2.944999,651835
HIVE,2025-12-22 09:35:00,2025-12-22,09:35:00,2.954999,2.96,2.924999,2.929899,149903
HIVE,2025-12-22 09:40:00,2025-12-22,09:40:00,2.914999,2.927799,2.900099,2.904999,152254
HIVE,2025-12-22 09:45:00,2025-12-22,09:45:00,2.91,2.95,2.91,2.95,112168
HIVE,2025-12-22 09:50:00,2025-12-22,09:50:00,2.94,2.99,2.934999,2.984999,203080
HIVE,2025-12-22 09:55:00,2025-12-22,09:55:00,2.9855,3.0,2.974999,2.974999,113945
HIVE,2025-12-22 10:00:00,2025-12-22,10:00:00,2.98,2.99,2.97,2.974999,71113
GGB,2025-12-22 09:30:00,2025-12-22,09:30:00,3.66,3.679399,3.65,3.674999,65683
GGB,2025-12-22 09:35:00,2025-12-22,09:35:00,3.68,3.68,3.67,3.67,8865
GGB,2025-12-22 09:40:00,2025-12-22,09:40:00,3.674999,3.68,3.671,3.68,38441
GGB,2025-12-22 09:45:00,2025-12-22,09:45:00,3.684999,3.6891,3.68,3.680599,35218
GGB,2025-12-22 09:50:00,2025-12-22,09:50:00,3.69,3.69,3.68,3.69,51635
GGB,2025-12-22 09:55:00,2025-12-22,09:55:00,3.69,3.69,3.684999,3.69,17132
GGB,2025-12-22 10:00:00,2025-12-22,10:00:00,3.684999,3.696,3.684999,3.694999,156768
IQ,2025-12-22 09:30:00,2025-12-22,09:30:00,1.861999,1.869799,1.86,1.865,92476
IQ,2025-12-22 09:35:00,2025-12-22,09:35:00,1.862699,1.865,1.86,1.865,33819
IQ,2025-12-22 09:40:00,2025-12-22,09:40:00,1.865,1.87,1.86,1.87,22641
IQ,2025-12-22 09:45:00,2025-12-22,09:45:00,1.865,1.87,1.86,1.87,142098
IQ,2025-12-22 09:50:00,2025-12-22,09:50:00,1.865,1.879999,1.861199,1.873499,147415
IQ,2025-12-22 09:55:00,2025-12-22,09:55:00,1.875,1.894999,1.875,1.894999,381593
IQ,2025-12-22 10:00:00,2025-12-22,10:00:00,1.889999,1.899999,1.889999,1.8925,25339
BTE,2025-12-22 09:30:00,2025-12-22,09:30:00,3.18,3.234999,3.17,3.19,352426
BTE,2025-12-22 09:35:00,2025-12-22,09:35:00,3.194999,3.2,3.17,3.17,276873
BTE,2025-12-22 09:40:00,2025-12-22,09:40:00,3.174999,3.19,3.17,3.18,270409
BTE,2025-12-22 09:45:00,2025-12-22,09:45:00,3.184999,3.197299,3.17,3.1702,309173
BTE,2025-12-22 09:50:00,2025-12-22,09:50:00,3.174999,3.18,3.17,3.174999,17077
BTE,2025-12-22 09:55:00,2025-12-22,09:55:00,3.17,3.174999,3.164999,3.17,153279
BTE,2025-12-22 10:00:00,2025-12-22,10:00:00,3.17,3.17,3.144999,3.144999,93189
SLS,2025-12-22 09:30:00,2025-12-22,09:30:00,2.42,2.45,2.41,2.434999,485522
SLS,2025-12-22 09:35:00,2025-12-22,09:35:00,2.434999,2.4899,2.42,2.47,475182
SLS,2025-12-22 09:40:00,2025-12-22,09:40:00,2.464999,2.5064,2.46,2.469799,116074
SLS,2025-12-22 09:45:00,2025-12-22,09:45:00,2.469899,2.519999,2.45,2.509999,123003
SLS,2025-12-22 09:50:00,2025-12-22,09:50:00,2.509999,2.559999,2.509999,2.545,157732
SLS,2025-12-22 09:55:00,2025-12-22,09:55:00,2.545,2.569,2.539999,2.559999,448247
SLS,2025-12-22 10:00:00,2025-12-22,10:00:00,2.5545,2.559999,2.539999,2.545,79895
PGEN,2025-12-22 09:30:00,2025-12-22,09:30:00,4.467999,4.539999,4.36,4.489999,248120
PGEN,2025-12-22 09:35:00,2025-12-22,09:35:00,4.489999,4.489999,4.429999,4.429999,23093
PGEN,2025-12-22 09:40:00,2025-12-22,09:40:00,4.409999,4.42,4.38,4.38,93395
PGEN,2025-12-22 09:45:00,2025-12-22,09:45:00,4.38,4.405,4.3343,4.34,68596
PGEN,2025-12-22 09:50:00,2025-12-22,09:50:00,4.34,4.340099,4.2725,4.304999,59212
PGEN,2025-12-22 09:55:00,2025-12-22,09:55:00,4.309999,4.329999,4.25,4.25,54323
PGEN,2025-12-22 10:00:00,2025-12-22,10:00:00,4.26,4.32,4.244999,4.309999,77597
NAK,2025-12-22 09:30:00,2025-12-22,09:30:00,2.269999,2.295,2.243599,2.295,377171
NAK,2025-12-22 09:35:00,2025-12-22,09:35:00,2.291199,2.329999,2.291199,2.325,216555
NAK,2025-12-22 09:40:00,2025-12-22,09:40:00,2.325,2.41,2.319999,2.400099,656535
NAK,2025-12-22 09:45:00,2025-12-22,09:45:00,2.4072,2.43,2.4,2.414999,378752
NAK,2025-12-22 09:50:00,2025-12-22,09:50:00,2.414999,2.44,2.401,2.424999,417613
NAK,2025-12-22 09:55:00,2025-12-22,09:55:00,2.42,2.43,2.3803,2.384399,230224
NAK,2025-12-22 10:00:00,2025-12-22,10:00:00,2.39,2.41,2.381099,2.381099,200455
NXE,2025-12-22 09:30:00,2025-12-22,09:30:00,9.359999,9.359999,9.189999,9.3,369895
NXE,2025-12-22 09:35:00,2025-12-22,09:35:00,9.31,9.3969,9.279999,9.329999,120519
NXE,2025-12-22 09:40:00,2025-12-22,09:40:00,9.335,9.34,9.26,9.289999,120239
NXE,2025-12-22 09:45:00,2025-12-22,09:45:00,9.289999,9.359999,9.289999,9.345,87224
NXE,2025-12-22 09:50:00,2025-12-22,09:50:00,9.34,9.43,9.324999,9.43,115441
NXE,2025-12-22 09:55:00,2025-12-22,09:55:00,9.43,9.473799,9.39,9.409999,107179
NXE,2025-12-22 10:00:00,2025-12-22,10:00:00,9.409999,9.435,9.38,9.399999,139144
VZLA,2025-12-22 09:30:00,2025-12-22,09:30:00,5.554999,5.579999,5.46,5.579999,563184
VZLA,2025-12-22 09:35:00,2025-12-22,09:35:00,5.579999,5.59,5.514999,5.554999,165775
VZLA,2025-12-22 09:40:00,2025-12-22,09:40:00,5.554999,5.599999,5.55,5.585,219931
VZLA,2025-12-22 09:45:00,2025-12-22,09:45:00,5.585,5.59,5.545,5.545,119972
VZLA,2025-12-22 09:50:00,2025-12-22,09:50:00,5.545,5.57,5.534999,5.554999,140283
VZLA,2025-12-22 09:55:00,2025-12-22,09:55:00,5.55,5.57,5.525,5.534999,90278
VZLA,2025-12-22 10:00:00,2025-12-22,10:00:00,5.53,5.559999,5.514999,5.518599,104892
GOVX,2025-12-22 09:30:00,2025-12-22,09:30:00,0.1638,0.167799,0.163,0.167199,854077
GOVX,2025-12-22 09:35:00,2025-12-22,09:35:00,0.167199,0.1825,0.167199,0.1825,254821
GOVX,2025-12-22 09:40:00,2025-12-22,09:40:00,0.1849,0.185,0.164,0.164,493309
GOVX,2025-12-22 09:45:00,2025-12-22,09:45:00,0.162599,0.162599,0.159299,0.159799,172260
GOVX,2025-12-22 09:50:00,2025-12-22,09:50:00,0.159799,0.163599,0.159799,0.163,60482
GOVX,2025-12-22 09:55:00,2025-12-22,09:55:00,0.163,0.169799,0.1624,0.168999,262857
GOVX,2025-12-22 10:00:00,2025-12-22,10:00:00,0.168999,0.170499,0.1684,0.17,713190
CRCG,2025-12-22 09:30:00,2025-12-22,09:30:00,3.2,3.4,3.17,3.325099,1232120
CRCG,2025-12-22 09:35:00,2025-12-22,09:35:00,3.4,3.400199,3.339999,3.339999,298397
CRCG,2025-12-22 09:40:00,2025-12-22,09:40:00,3.319999,3.339999,3.265,3.278599,200664
CRCG,2025-12-22 09:45:00,2025-12-22,09:45:00,3.2799,3.384999,3.275,3.345,214921
CRCG,2025-12-22 09:50:00,2025-12-22,09:50:00,3.346899,3.346899,3.269999,3.309299,73052
CRCG,2025-12-22 09:55:00,2025-12-22,09:55:00,3.309999,3.3299,3.256,3.256,150421
CRCG,2025-12-22 10:00:00,2025-12-22,10:00:00,3.255,3.295,3.2502,3.285,1571234
UA,2025-12-22 09:30:00,2025-12-22,09:30:00,4.349999,4.42,4.34,4.394999,396929
UA,2025-12-22 09:35:00,2025-12-22,09:35:00,4.394999,4.414999,4.380099,4.385,88234
UA,2025-12-22 09:40:00,2025-12-22,09:40:00,4.385,4.409999,4.3793,4.405499,152997
UA,2025-12-22 09:45:00,2025-12-22,09:45:00,4.405,4.429999,4.403999,4.425,100189
UA,2025-12-22 09:50:00,2025-12-22,09:50:00,4.423999,4.439899,4.364999,4.369999,225103
UA,2025-12-22 09:55:00,2025-12-22,09:55:00,4.374,4.389999,4.36,4.364999,99700
UA,2025-12-22 10:00:00,2025-12-22,10:00:00,4.364999,4.369999,4.36,4.364999,29932
RENX,2025-12-22 09:30:00,2025-12-22,09:30:00,0.2714,0.2714,0.2646,0.264699,753415
RENX,2025-12-22 09:35:00,2025-12-22,09:35:00,0.264699,0.267899,0.264699,0.2648,31967
RENX,2025-12-22 09:40:00,2025-12-22,09:40:00,0.2673,0.2673,0.2653,0.2655,52735
RENX,2025-12-22 09:45:00,2025-12-22,09:45:00,0.265399,0.2655,0.2653,0.265399,53535
RENX,2025-12-22 09:50:00,2025-12-22,09:50:00,0.265399,0.265399,0.2653,0.2653,1448764
RENX,2025-12-22 09:55:00,2025-12-22,09:55:00,0.2653,0.2721,0.2603,0.271899,99591
RENX,2025-12-22 10:00:00,2025-12-22,10:00:00,0.271899,0.271899,0.260899,0.2664,95103
BFLY,2025-12-22 09:30:00,2025-12-22,09:30:00,3.65,3.819999,3.625,3.819999,406621
BFLY,2025-12-22 09:35:00,2025-12-22,09:35:00,3.805,3.94,3.799999,3.835,607008
BFLY,2025-12-22 09:40:00,2025-12-22,09:40:00,3.832099,3.89,3.769999,3.841099,273696
BFLY,2025-12-22 09:45:00,2025-12-22,09:45:00,3.839999,3.849999,3.759999,3.769999,111257
BFLY,2025-12-22 09:50:00,2025-12-22,09:50:00,3.769999,3.788899,3.68,3.697299,205125
BFLY,2025-12-22 09:55:00,2025-12-22,09:55:00,3.69,3.74,3.6802,3.71,119013
BFLY,2025-12-22 10:00:00,2025-12-22,10:00:00,3.704999,3.74,3.694999,3.714999,153809
IAUX,2025-12-22 09:30:00,2025-12-22,09:30:00,1.59,1.6,1.540099,1.540099,1077827
IAUX,2025-12-22 09:35:00,2025-12-22,09:35:00,1.544999,1.57,1.544999,1.563699,204206
IAUX,2025-12-22 09:40:00,2025-12-22,09:40:00,1.552299,1.5799,1.552299,1.57,56842
IAUX,2025-12-22 09:45:00,2025-12-22,09:45:00,1.5699,1.586699,1.559999,1.565,134621
IAUX,2025-12-22 09:50:00,2025-12-22,09:50:00,1.565,1.575,1.559999,1.565,75367
IAUX,2025-12-22 09:55:00,2025-12-22,09:55:00,1.565,1.565,1.550999,1.554999,102752
IAUX,2025-12-22 10:00:00,2025-12-22,10:00:00,1.554999,1.567499,1.549999,1.549999,157161
PTEN,2025-12-22 09:30:00,2025-12-22,09:30:00,5.889999,6.07,5.88,6.059999,166775
PTEN,2025-12-22 09:35:00,2025-12-22,09:35:00,6.053999,6.07,5.969999,5.989999,77426
PTEN,2025-12-22 09:40:00,2025-12-22,09:40:00,5.989999,6.014999,5.989999,5.994999,125096
PTEN,2025-12-22 09:45:00,2025-12-22,09:45:00,5.994999,6.01,5.969999,5.969999,27710
PTEN,2025-12-22 09:50:00,2025-12-22,09:50:00,5.98,6.014999,5.98,6.01,29835
PTEN,2025-12-22 09:55:00,2025-12-22,09:55:00,6.01,6.025,5.974999,5.985,169949
PTEN,2025-12-22 10:00:00,2025-12-22,10:00:00,5.985,5.985,5.965,5.974999,29153
PALI,2025-12-22 09:30:00,2025-12-22,09:30:00,1.98,1.98,1.95,1.96,776458
PALI,2025-12-22 09:35:00,2025-12-22,09:35:00,1.952399,1.96,1.929999,1.929999,200354
PALI,2025-12-22 09:40:00,2025-12-22,09:40:00,1.94,2.029999,1.934999,2.027699,300255
PALI,2025-12-22 09:45:00,2025-12-22,09:45:00,2.028199,2.082499,2.028199,2.039999,239880
PALI,2025-12-22 09:50:00,2025-12-22,09:50:00,2.035,2.049999,2.019999,2.045,90001
PALI,2025-12-22 09:55:00,2025-12-22,09:55:00,2.045,2.059999,2.0144,2.015,93693
PALI,2025-12-22 10:00:00,2025-12-22,10:00:00,2.015,2.019999,1.995,2.005599,202562
ENVX,2025-12-22 09:30:00,2025-12-22,09:30:00,8.0,8.13,7.970099,8.0,226184
ENVX,2025-12-22 09:35:00,2025-12-22,09:35:00,8.01,8.039999,7.929999,7.94,66869
ENVX,2025-12-22 09:40:00,2025-12-22,09:40:00,7.929999,8.029999,7.92,8.004599,27795
ENVX,2025-12-22 09:45:00,2025-12-22,09:45:00,8.005,8.06,8.005,8.029999,25558
ENVX,2025-12-22 09:50:00,2025-12-22,09:50:00,8.0312,8.097399,8.0086,8.095,58060
ENVX,2025-12-22 09:55:00,2025-12-22,09:55:00,8.095,8.119999,8.069999,8.079999,68678
ENVX,2025-12-22 10:00:00,2025-12-22,10:00:00,8.079999,8.114999,8.06,8.1,69610
CCC,2025-12-22 09:30:00,2025-12-22,09:30:00,7.914999,7.989999,7.9,7.98,105542
CCC,2025-12-22 09:35:00,2025-12-22,09:35:00,7.98,7.9889,7.98,7.984,10848
CCC,2025-12-22 09:40:00,2025-12-22,09:40:00,7.985,8.0,7.985,7.994999,13673
CCC,2025-12-22 09:45:00,2025-12-22,09:45:00,7.994999,8.0,7.974999,7.985,40888
CCC,2025-12-22 09:50:00,2025-12-22,09:50:00,7.985,7.985,7.98,7.985,67156
CCC,2025-12-22 09:55:00,2025-12-22,09:55:00,7.9839,7.994999,7.974999,7.974999,85608
CCC,2025-12-22 10:00:00,2025-12-22,10:00:00,7.974999,8.02,7.969999,7.989999,33937
ALT,2025-12-22 09:30:00,2025-12-22,09:30:00,3.96,4.099999,3.95,4.085,382113
ALT,2025-12-22 09:35:00,2025-12-22,09:35:00,4.07,4.13,4.03,4.114999,149511
ALT,2025-12-22 09:40:00,2025-12-22,09:40:00,4.11,4.28,4.099999,4.23,430664
ALT,2025-12-22 09:45:00,2025-12-22,09:45:00,4.224999,4.329999,4.199999,4.329999,234440
ALT,2025-12-22 09:50:00,2025-12-22,09:50:00,4.324999,4.429999,4.289999,4.399,288747
ALT,2025-12-22 09:55:00,2025-12-22,09:55:00,4.395599,4.449999,4.349999,4.36,180907
ALT,2025-12-22 10:00:00,2025-12-22,10:00:00,4.349999,4.394999,4.32,4.3814,137111
AQN,2025-12-22 09:30:00,2025-12-22,09:30:00,6.15,6.15,6.039999,6.09,153787
AQN,2025-12-22 09:35:00,2025-12-22,09:35:00,6.09,6.099999,6.079999,6.099999,38415
AQN,2025-12-22 09:40:00,2025-12-22,09:40:00,6.099999,6.099999,6.074999,6.089,46916
AQN,2025-12-22 09:45:00,2025-12-22,09:45:00,6.085,6.085,6.07,6.07,17802
AQN,2025-12-22 09:50:00,2025-12-22,09:50:00,6.07,6.085,6.059999,6.079199,55246
AQN,2025-12-22 09:55:00,2025-12-22,09:55:00,6.079999,6.085599,6.079999,6.085,12848
AQN,2025-12-22 10:00:00,2025-12-22,10:00:00,6.085,6.09,6.05,6.054999,108107
PLG,2025-12-22 09:30:00,2025-12-22,09:30:00,2.829999,2.849999,2.72,2.799999,667044
PLG,2025-12-22 09:35:00,2025-12-22,09:35:00,2.799999,2.819,2.759999,2.775,154207
PLG,2025-12-22 09:40:00,2025-12-22,09:40:00,2.769999,2.809999,2.769999,2.785,138615
PLG,2025-12-22 09:45:00,2025-12-22,09:45:00,2.785,2.839999,2.785,2.819999,264171
PLG,2025-12-22 09:50:00,2025-12-22,09:50:00,2.825,2.835,2.799999,2.824399,191154
PLG,2025-12-22 09:55:00,2025-12-22,09:55:00,2.8201,2.839999,2.799999,2.809999,116986
PLG,2025-12-22 10:00:00,2025-12-22,10:00:00,2.809999,2.839999,2.799999,2.805,299208
TGB,2025-12-22 09:30:00,2025-12-22,09:30:00,5.489999,5.625,5.469999,5.599999,380169
TGB,2025-12-22 09:35:00,2025-12-22,09:35:00,5.61,5.63,5.559999,5.5892,93239
TGB,2025-12-22 09:40:00,2025-12-22,09:40:00,5.579999,5.619299,5.5713,5.61,37419
TGB,2025-12-22 09:45:00,2025-12-22,09:45:00,5.61,5.635,5.5925,5.614999,205382
TGB,2025-12-22 09:50:00,2025-12-22,09:50:00,5.614999,5.63,5.59,5.625,64888
TGB,2025-12-22 09:55:00,2025-12-22,09:55:00,5.619999,5.63,5.59,5.605,80542
TGB,2025-12-22 10:00:00,2025-12-22,10:00:00,5.605,5.614999,5.579999,5.594999,425649
TNYA,2025-12-22 09:30:00,2025-12-22,09:30:00,0.73,0.7325,0.713999,0.7325,407689
TNYA,2025-12-22 09:35:00,2025-12-22,09:35:00,0.7275,0.7275,0.72,0.725799,506
TNYA,2025-12-22 09:40:00,2025-12-22,09:40:00,0.7199,0.7199,0.709999,0.711199,115563
TNYA,2025-12-22 09:45:00,2025-12-22,09:45:00,0.7105,0.7105,0.702499,0.703599,112321
TNYA,2025-12-22 09:50:00,2025-12-22,09:50:00,0.704699,0.704699,0.6801,0.680599,189099
TNYA,2025-12-22 09:55:00,2025-12-22,09:55:00,0.681999,0.6909,0.6801,0.687799,66291
TNYA,2025-12-22 10:00:00,2025-12-22,10:00:00,0.686699,0.693599,0.6851,0.687099,17984
SVM,2025-12-22 09:30:00,2025-12-22,09:30:00,9.0,9.069999,8.88,8.967,515594
SVM,2025-12-22 09:35:00,2025-12-22,09:35:00,8.965,9.006999,8.909999,8.9404,148704
SVM,2025-12-22 09:40:00,2025-12-22,09:40:00,8.9392,8.994999,8.92,8.970899,98335
SVM,2025-12-22 09:45:00,2025-12-22,09:45:00,8.97,9.079999,8.965,9.05,110553
SVM,2025-12-22 09:50:00,2025-12-22,09:50:00,9.039999,9.05,8.97,9.005,107514
SVM,2025-12-22 09:55:00,2025-12-22,09:55:00,9.0,9.02,8.965,8.97,68833
SVM,2025-12-22 10:00:00,2025-12-22,10:00:00,8.975,9.045,8.965,8.97,73328
ESPR,2025-12-22 09:30:00,2025-12-22,09:30:00,3.95,4.054999,3.944999,4.03,106831
ESPR,2025-12-22 09:35:00,2025-12-22,09:35:00,4.019999,4.039999,3.99,3.99,37964
ESPR,2025-12-22 09:40:00,2025-12-22,09:40:00,3.990099,4.039999,3.990099,4.035999,25152
ESPR,2025-12-22 09:45:00,2025-12-22,09:45:00,4.039999,4.039999,3.99,3.99,39448
ESPR,2025-12-22 09:50:00,2025-12-22,09:50:00,3.99,4.005,3.96,3.966,53209
ESPR,2025-12-22 09:55:00,2025-12-22,09:55:00,3.96,3.99,3.954999,3.98,33184
ESPR,2025-12-22 10:00:00,2025-12-22,10:00:00,3.974999,3.99,3.95,3.95,86533
LYG,2025-12-22 09:30:00,2025-12-22,09:30:00,5.239999,5.239999,5.235,5.239999,42775
LYG,2025-12-22 09:35:00,2025-12-22,09:35:00,5.235,5.249499,5.235,5.244999,29092
LYG,2025-12-22 09:40:00,2025-12-22,09:40:00,5.244999,5.25,5.244999,5.25,2615
LYG,2025-12-22 09:45:00,2025-12-22,09:45:00,5.240499,5.25,5.240499,5.244999,19349
LYG,2025-12-22 09:50:00,2025-12-22,09:50:00,5.244999,5.25,5.241499,5.244999,3760
LYG,2025-12-22 09:55:00,2025-12-22,09:55:00,5.240399,5.241199,5.23,5.235,49331
LYG,2025-12-22 10:00:00,2025-12-22,10:00:00,5.235,5.239999,5.235,5.235,55655
AIIO,2025-12-22 09:30:00,2025-12-22,09:30:00,0.325199,0.333299,0.3251,0.328999,454699
AIIO,2025-12-22 09:35:00,2025-12-22,09:35:00,0.329499,0.33,0.328,0.328,1506043
AIIO,2025-12-22 09:40:00,2025-12-22,09:40:00,0.328,0.328099,0.328,0.328,34412
AIIO,2025-12-22 09:45:00,2025-12-22,09:45:00,0.328,0.328099,0.328,0.328099,43327
AIIO,2025-12-22 09:50:00,2025-12-22,09:50:00,0.328099,0.328099,0.317,0.317099,101630
AIIO,2025-12-22 09:55:00,2025-12-22,09:55:00,0.317099,0.3228,0.314999,0.3224,91497
AIIO,2025-12-22 10:00:00,2025-12-22,10:00:00,0.3217,0.3226,0.317999,0.321999,69983
NFGC,2025-12-22 09:30:00,2025-12-22,09:30:00,3.099999,3.15,2.99,3.14,568707
NFGC,2025-12-22 09:35:00,2025-12-22,09:35:00,3.136499,3.164999,3.109999,3.13,297002
NFGC,2025-12-22 09:40:00,2025-12-22,09:40:00,3.14,3.1867,3.13,3.174999,223706
NFGC,2025-12-22 09:45:00,2025-12-22,09:45:00,3.174999,3.25,3.174999,3.244999,249878
NFGC,2025-12-22 09:50:00,2025-12-22,09:50:00,3.25,3.305,3.244999,3.285,172289
NFGC,2025-12-22 09:55:00,2025-12-22,09:55:00,3.285,3.285,3.2332,3.25,138364
NFGC,2025-12-22 10:00:00,2025-12-22,10:00:00,3.25,3.25,3.1744,3.1744,142731
NUAI,2025-12-22 09:30:00,2025-12-22,09:30:00,3.799999,3.9,3.759999,3.849999,207858
NUAI,2025-12-22 09:35:00,2025-12-22,09:35:00,3.809999,3.869899,3.759999,3.822599,49412
NUAI,2025-12-22 09:40:00,2025-12-22,09:40:00,3.849999,3.849999,3.72,3.769999,31078
NUAI,2025-12-22 09:45:00,2025-12-22,09:45:00,3.772,3.799999,3.7565,3.759999,17312
NUAI,2025-12-22 09:50:00,2025-12-22,09:50:00,3.759999,3.829999,3.755399,3.819999,36764
NUAI,2025-12-22 09:55:00,2025-12-22,09:55:00,3.819999,3.98,3.819999,3.96,148887
NUAI,2025-12-22 10:00:00,2025-12-22,10:00:00,3.95,3.97,3.9,3.96,71691
ABAT,2025-12-22 09:30:00,2025-12-22,09:30:00,4.079999,4.15,4.01,4.05,257584
ABAT,2025-12-22 09:35:00,2025-12-22,09:35:00,4.019999,4.024,3.98,3.9895,235310
ABAT,2025-12-22 09:40:00,2025-12-22,09:40:00,4.039999,4.099999,4.0107,4.059999,41673
ABAT,2025-12-22 09:45:00,2025-12-22,09:45:00,4.074999,4.09,4.039999,4.0437,46770
ABAT,2025-12-22 09:50:00,2025-12-22,09:50:00,4.054999,4.119999,4.039999,4.11,80663
ABAT,2025-12-22 09:55:00,2025-12-22,09:55:00,4.11,4.175,4.099999,4.099999,403676
ABAT,2025-12-22 10:00:00,2025-12-22,10:00:00,4.13,4.159999,4.119999,4.135,93087
ASM,2025-12-22 09:30:00,2025-12-22,09:30:00,6.76,6.819499,6.679999,6.73,592518
ASM,2025-12-22 09:35:00,2025-12-22,09:35:00,6.739999,6.8,6.71,6.775,169295
ASM,2025-12-22 09:40:00,2025-12-22,09:40:00,6.789299,6.82,6.769999,6.809999,133159
ASM,2025-12-22 09:45:00,2025-12-22,09:45:00,6.809999,6.929999,6.8087,6.8902,162863
ASM,2025-12-22 09:50:00,2025-12-22,09:50:00,6.894999,6.94,6.880099,6.925,162308
ASM,2025-12-22 09:55:00,2025-12-22,09:55:00,6.925,6.94,6.86,6.88,88569
ASM,2025-12-22 10:00:00,2025-12-22,10:00:00,6.885,6.929999,6.866499,6.866499,49404
TDOC,2025-12-22 09:30:00,2025-12-22,09:30:00,7.239999,7.38,7.219999,7.344999,312164
TDOC,2025-12-22 09:35:00,2025-12-22,09:35:00,7.344999,7.375,7.324999,7.324999,77331
TDOC,2025-12-22 09:40:00,2025-12-22,09:40:00,7.32,7.485,7.32,7.4734,162734
TDOC,2025-12-22 09:45:00,2025-12-22,09:45:00,7.477499,7.51,7.465,7.474999,150182
TDOC,2025-12-22 09:50:00,2025-12-22,09:50:00,7.474999,7.51,7.4614,7.465,50070
TDOC,2025-12-22 09:55:00,2025-12-22,09:55:00,7.465,7.489999,7.449999,7.449999,66184
TDOC,2025-12-22 10:00:00,2025-12-22,10:00:00,7.4544,7.53,7.4544,7.5299,135183
NUVB,2025-12-22 09:30:00,2025-12-22,09:30:00,9.52,9.570099,9.399999,9.539999,175304
NUVB,2025-12-22 09:35:00,2025-12-22,09:35:00,9.52,9.574999,9.404999,9.42,118238
NUVB,2025-12-22 09:40:00,2025-12-22,09:40:00,9.399999,9.6499,9.399999,9.64,115587
NUVB,2025-12-22 09:45:00,2025-12-22,09:45:00,9.6407,9.649999,9.534999,9.619999,150400
NUVB,2025-12-22 09:50:00,2025-12-22,09:50:00,9.619999,9.619999,9.42,9.435,131257
NUVB,2025-12-22 09:55:00,2025-12-22,09:55:00,9.435,9.6236,9.435,9.564999,141251
NUVB,2025-12-22 10:00:00,2025-12-22,10:00:00,9.56,9.739999,9.56,9.739999,65665
CRML,2025-12-22 09:30:00,2025-12-22,09:30:00,7.639999,7.84,7.539999,7.8255,221029
CRML,2025-12-22 09:35:00,2025-12-22,09:35:00,7.862699,7.969999,7.862699,7.894999,252232
CRML,2025-12-22 09:40:00,2025-12-22,09:40:00,8.034899,8.119999,7.989999,8.064999,428364
CRML,2025-12-22 09:45:00,2025-12-22,09:45:00,8.076199,8.18,8.029999,8.074999,621728
CRML,2025-12-22 09:50:00,2025-12-22,09:50:00,8.09,8.27,8.069999,8.2297,179950
CRML,2025-12-22 09:55:00,2025-12-22,09:55:00,8.21,8.232,8.039999,8.069999,185101
CRML,2025-12-22 10:00:00,2025-12-22,10:00:00,8.1,8.151499,8.074999,8.109999,69495
CRGY,2025-12-22 09:30:00,2025-12-22,09:30:00,8.25,8.440999,8.25,8.414999,418279
CRGY,2025-12-22 09:35:00,2025-12-22,09:35:00,8.42,8.435,8.3001,8.329999,101139
CRGY,2025-12-22 09:40:00,2025-12-22,09:40:00,8.329999,8.4151,8.320099,8.399999,81179
CRGY,2025-12-22 09:45:00,2025-12-22,09:45:00,8.409199,8.47,8.409199,8.425,72749
CRGY,2025-12-22 09:50:00,2025-12-22,09:50:00,8.43,8.446,8.4109,8.414999,55182
CRGY,2025-12-22 09:55:00,2025-12-22,09:55:00,8.414999,8.449999,8.399999,8.414999,44936
CRGY,2025-12-22 10:00:00,2025-12-22,10:00:00,8.409999,8.414999,8.329999,8.335,68126
COUR,2025-12-22 09:30:00,2025-12-22,09:30:00,7.579999,7.699999,7.579999,7.679999,80446
COUR,2025-12-22 09:35:00,2025-12-22,09:35:00,7.679999,7.704999,7.67,7.684999,41406
COUR,2025-12-22 09:40:00,2025-12-22,09:40:00,7.6866,7.695,7.659999,7.663199,32497
COUR,2025-12-22 09:45:00,2025-12-22,09:45:00,7.664999,7.675,7.611,7.659999,68476
COUR,2025-12-22 09:50:00,2025-12-22,09:50:00,7.659999,7.739999,7.659999,7.715,123336
COUR,2025-12-22 09:55:00,2025-12-22,09:55:00,7.715,7.769999,7.715,7.76,53279
COUR,2025-12-22 10:00:00,2025-12-22,10:00:00,7.76,7.815,7.76,7.809999,95719
SATL,2025-12-22 09:30:00,2025-12-22,09:30:00,2.079999,2.125,2.0648,2.118999,247936
SATL,2025-12-22 09:35:00,2025-12-22,09:35:00,2.119699,2.154999,2.082799,2.1475,183407
SATL,2025-12-22 09:40:00,2025-12-22,09:40:00,2.15,2.19,2.134999,2.188999,191610
SATL,2025-12-22 09:45:00,2025-12-22,09:45:00,2.189399,2.19,2.164099,2.164999,109434
SATL,2025-12-22 09:50:00,2025-12-22,09:50:00,2.162499,2.17,2.14,2.144999,36510
SATL,2025-12-22 09:55:00,2025-12-22,09:55:00,2.144999,2.19,2.144999,2.187999,59341
SATL,2025-12-22 10:00:00,2025-12-22,10:00:00,2.19,2.21,2.186199,2.1991,131497
USAS,2025-12-22 09:30:00,2025-12-22,09:30:00,5.869999,5.9236,5.71,5.804999,446390
USAS,2025-12-22 09:35:00,2025-12-22,09:35:00,5.803999,5.869999,5.764999,5.8238,168098
USAS,2025-12-22 09:40:00,2025-12-22,09:40:00,5.829899,5.905,5.803999,5.905,153597
USAS,2025-12-22 09:45:00,2025-12-22,09:45:00,5.905,5.974999,5.894,5.92,232190
USAS,2025-12-22 09:50:00,2025-12-22,09:50:00,5.92,5.94,5.869999,5.889999,107129
USAS,2025-12-22 09:55:00,2025-12-22,09:55:00,5.88,5.894999,5.824999,5.84,93747
USAS,2025-12-22 10:00:00,2025-12-22,10:00:00,5.8326,5.869999,5.8326,5.84,135794
RLAY,2025-12-22 09:30:00,2025-12-22,09:30:00,8.449999,8.659999,8.329999,8.625,83020
RLAY,2025-12-22 09:35:00,2025-12-22,09:35:00,8.619999,8.689999,8.619999,8.63,9702
RLAY,2025-12-22 09:40:00,2025-12-22,09:40:00,8.63,8.64,8.569999,8.604999,25246
RLAY,2025-12-22 09:45:00,2025-12-22,09:45:00,8.619999,8.649999,8.609999,8.63,10250
RLAY,2025-12-22 09:50:00,2025-12-22,09:50:00,8.63,8.63,8.55,8.59,6621
RLAY,2025-12-22 09:55:00,2025-12-22,09:55:00,8.614999,8.689999,8.614999,8.659999,3636
RLAY,2025-12-22 10:00:00,2025-12-22,10:00:00,8.699999,8.739999,8.67,8.72,17399
ERIC,2025-12-22 09:30:00,2025-12-22,09:30:00,9.75,9.755,9.740099,9.744999,72438
ERIC,2025-12-22 09:35:00,2025-12-22,09:35:00,9.749899,9.75,9.729999,9.734999,26764
ERIC,2025-12-22 09:40:00,2025-12-22,09:40:00,9.734999,9.745599,9.734,9.734999,12107
ERIC,2025-12-22 09:45:00,2025-12-22,09:45:00,9.732999,9.739999,9.725,9.725,6372
ERIC,2025-12-22 09:50:00,2025-12-22,09:50:00,9.725,9.734999,9.725,9.734999,25474
ERIC,2025-12-22 09:55:00,2025-12-22,09:55:00,9.739899,9.739999,9.725,9.725,41264
ERIC,2025-12-22 10:00:00,2025-12-22,10:00:00,9.7285,9.728599,9.715,9.725,46110
